time,q1,q2,q3,q4,q5,q6,q7,dq1,dq2,dq3,dq4,dq5,dq6,dq7,ddq1,ddq2,ddq3,ddq4,ddq5,ddq6,ddq7
0.0,1.3877787807814457e-16,-0.7853981633974483,0.0,-2.42861286636753e-17,5.551115123125783e-17,-1.3877787807814457e-17,8.673617379884035e-17,-1.6779910794184616e-12,-3.3306690738754696e-15,-1.4139106552235603e-12,-3.4822145167368035e-13,4.416744747715029e-12,3.5403277531820265e-13,-1.0150769114147806e-12,2.433608869978343e-12,-1.468603016974157e-12,1.4006573678670975e-12,8.015532682037474e-13,-9.978684545330907e-13,-1.7018608744479025e-12,1.2823075934420558e-13
0.1,0.000897480577327997,-0.7847734193974459,0.0002444685552032144,0.00044175459926423626,0.001432150137738314,0.00015734407556747265,-0.0007313093414569594,0.027255767564942635,0.018989501824245636,0.006607665907351429,0.01324452194974543,0.04235595780628634,0.004901789650853014,-0.021714170754781964,0.557066284478647,0.38867286966117304,0.10301650054839717,0.2641222487750582,0.821601775621887,0.10505035513143801,-0.42451305571941067
0.2,0.007391775563669045,-0.7802432819960279,0.0013734075258842737,0.0035097641561217703,0.010925707919689887,0.0013934868511628201,-0.005640480886975399,0.11245559804174943,0.07847922242126226,0.01478549338981816,0.05222595548513201,0.15814854938798306,0.02213878974581615,-0.08221617199224479,1.14517983525963,0.7995689444573466,0.03209675517994359,0.510302110059113,1.458804371922566,0.24377729792959202,-0.7686903679624172
0.30000000000000004,0.02529374162135635,-0.7677515351354401,0.0026884084646869727,0.011644080762389711,0.0348129348712056,0.005078976903929937,-0.01813758490103691,0.25452805164914816,0.17754256918656508,0.007639793620599189,0.11383797615112426,0.32635631560991796,0.05411833911347519,-0.17149963343637897,1.6804673466036963,1.1697918138241774,-0.19990026565414198,0.7125685233382429,1.8640583674910858,0.396224190455405,-0.9946632130953322
0.4,0.05988807940255725,-0.7436450173762881,0.00189369239411874,0.02684800186539634,0.07712813051151046,0.012718769005537922,-0.04045993689012671,0.4440634695472474,0.3091182687276186,-0.02961591244854811,0.1924993176283725,0.5224705286361122,0.10106560040665963,-0.2763010842018507,2.0815748262831297,1.440829008249768,-0.5641050276680641,0.8477977210229781,2.0155148214806937,0.5391043399113746,-1.075661813838109
0.5,0.1151273275304251,-0.7052526606513752,-0.004617840258266462,0.050458756663309706,0.13938980293560727,0.02572151286505243,-0.07340648201559291,0.664020465620936,0.46082020601873097,-0.1082070385820525,0.28055574196774097,0.7211263431455412,0.16081665661797717,-0.3813433609068272,2.278662951945557,1.5658132100797157,-1.018795329410454,0.8980110678870683,1.9178174734971432,0.6483748436400706,-0.9985027133583716
0.6000000000000001,0.19294015421879446,-0.6513492491248984,-0.02135095223552677,0.08296931974527051,0.2206456456972714,0.045161427421274505,-0.11620704590422629,0.8912884565234732,0.6164098419949311,-0.23471796777358722,0.3688941495092475,0.8986854942823203,0.22888006496487798,-0.4707696504265473,2.2213880755904594,1.5153857283687078,-1.5136522841649913,0.8522855200174743,1.6003623191541771,0.7019863934191324,-0.7648852915800841
0.7000000000000001,0.2927330812613679,-0.5824458207124894,-0.053209008198530874,0.12392029881293339,0.3177631182411237,0.07156002410682119,-0.16653931869473548,1.0989633855202539,0.7577564960567581,-0.4104751705386531,0.4477203409040298,1.0355274082782755,0.2987705447619392,-0.529642274162235,1.8850624310711934,1.281497118453407,-1.9946891330876482,0.7080883092751948,1.1132649676464066,0.6825288724509017,-0.3913799636932145
0.8,0.4111467070715422,-0.5008690663256231,-0.1049583952937691,0.17187512571339214,0.42592568034923106,0.10471390311238304,-0.22069345267391577,1.2591209134086017,0.8670554632798047,-0.6314369292947178,0.507435367136951,1.117840421294181,0.3625903885098415,-0.5453743052900534,1.2743542313024263,0.87871377960878,-2.4093722967732556,0.4718954168912708,0.5214856917996633,0.579495806008314,0.09189389259849179
0.9,0.5421030865579604,-0.4106167873028016,-0.18070722672968653,0.22448466964747474,0.539276444392101,0.14359106090898455,-0.2738711479067196,1.3458184575192682,0.9290445677787253,-0.8885843205570065,0.5395343561241663,1.1387583972264543,0.41180780405575773,-0.5089677379582075,0.4241179168009339,0.3428796031845831,-2.711445873068092,0.15901521566233223,-0.10227497579847022,0.39092143576294536,0.6437866437746621
1.0,0.6771524538610838,-0.31700267294359674,-0.28344619689715067,0.2786395018914565,0.6516387998443233,0.18631192020213022,-0.320594222068582,1.33802978295634,0.9329594644568431,-1.16876080543185,0.5374473090214997,1.0987549665113232,0.4381593691223836,-0.4159486831272661,-0.6027843857510025,-0.27272223202334556,-2.865010031022167,-0.2073911117742388,-0.6851954290186046,0.12419995520743643,1.2156148074133
1.1,0.8060976262149011,-0.22612842420710333,-0.4146920645044351,0.3307000697055133,0.7572384435412953,0.23022317866641484,-0.3551879553315632,1.2222162743606093,0.8739967645899838,-1.4558666112731529,0.49724414762140534,1.0052812799745965,0.4345883877695098,-0.26691643786456154,-1.7205223285309383,-0.9032824953791332,-2.8474860858873035,-0.5980284128375548,-1.1617201708837004,-0.2040276313364907,1.7553306347806898
1.2000000000000002,0.9178460490234082,-0.1442418045845908,-0.5742632049050469,0.3767877013998149,0.8513535361087781,0.2720633236755635,-0.3722978181945553,0.9942678030220741,0.7541087038321952,-1.732282967047258,0.418136151502725,0.8717064639828249,0.39612386445834424,-0.06765689510946749,-2.827773906568408,-1.4797961949860845,-2.6512179147095623,-0.9797937565191526,-1.480007651336716,-0.5689444300882757,2.212002046801561
1.3,1.0014152714627118,-0.07705323452689838,-0.760203153058689,0.41311333899321384,0.9308290096030584,0.3082091611329119,-0.3673951083075968,0.6606008503807426,0.582027620316178,-1.9803830643078715,0.3027220921670038,0.7156859122117377,0.32060696666196753,0.17119137723201172,-3.8169761921703618,-1.9369906230112686,-2.2835988877494384,-1.3185207624057638,-1.6068374626016069,-0.9395177863091462,2.540214176026543
1.4000000000000001,1.0470000505546713,-0.029089463084840395,-0.9688534377664574,0.4363167481569612,0.9944063226120275,0.3349838896564164,-0.3372277990959599,0.238277396634614,0.3725048304898262,-2.1839829284087604,0.15694851252247385,0.5571350079253291,0.2091832675256623,0.43489132472772146,-4.584507779045863,-2.2209599388963066,-1.7657615921895995,-1.581911492386278,-1.530537022115836,-1.2811902266848199,2.7040123373267035
1.5,1.0470000505458847,-0.003159937170353788,-1.1950627545673786,0.44378709751079926,1.042839596284581,0.3490000076250782,-0.2801774534853443,-0.24590184257002828,0.1448371539797253,-2.3295963187738633,-0.010222090329126063,0.416020080220763,0.06649888561675843,0.7057186176951405,-5.0408578117378555,-2.295640598329546,-1.1300094987467943,-1.7424038375889461,-1.261688358902945,-1.559065943126468,2.680048306915663
1.6,0.9969072516267394,1.6713657124967085e-09,-1.432507045909667,0.43393644394545405,1.0787910797108045,0.34750543227727665,-0.19649096306605643,-0.7572802104870345,-0.07916436688987011,-2.4073819931309277,-0.1874160537589804,0.3101914216954058,-0.09943482296784456,0.9643361831444279,-5.119820922978974,-2.147382530198857,-0.41629127199165555,-1.7797228725510412,-0.831595350817874,-1.741301326756266,2.459663309210005
1.7000000000000002,0.8959618612209794,-0.018136164558809065,-1.6740855583840581,0.40640080192076816,1.1065211063433187,0.32869919441424506,-0.08836642697784594,-1.2560612027115845,-0.2775440427773611,-2.411706514136716,-0.36168298951362043,0.2534741727032347,-0.2777124928179544,1.1913162553798726,-4.785831164903865,-1.7870740793891304,0.33189232973155813,-1.6828874211148745,-0.2887093730235938,-1.8023783995673872,2.0497354474934824
1.8,0.7475039997124562,-0.05399451373853803,-1.9123523131122633,0.36214888640561194,1.1314079560635242,0.29198424300279,0.040115250483649556,-1.7006336396760808,-0.4306485100797568,-2.3412875517327745,-0.5194956820107801,0.25420307613761006,-0.45531401628644663,1.3686822642114111,-4.0387050320364155,-1.249542942477428,1.0717107557206031,-1.4514862941773734,0.30659404117432054,-1.725940364937386,1.472227828733917
1.9000000000000001,0.5589741519932512,-0.10224619416851022,-2.139941135672741,0.303485872164574,1.1593493990144443,0.2381292467802089,0.18320856596308774,-2.0512195277679597,-0.5233771408252359,-2.1989269797782405,-0.6478355790528011,0.31433976993680207,-0.6181331935147529,1.4813421543241634,-2.915290125039652,-0.5902525511570316,1.764914188837137,-1.0960986903680654,0.888341610219079,-1.5068995888723347,0.7624865026701114
2.0,0.341546089100875,-0.15635729230563689,-2.3499454739749353,0.23394801045554026,1.1961086461119277,0.16931850579843907,0.3338545370823419,-2.273521341986261,-0.546978924094986,-1.9908853971125084,-0.7352749704946835,0.4292512924030815,-0.7521708990105256,1.5182950866471052,-1.4877915937271124,0.12038818006655716,2.3810339530042777,-0.6378049508608682,1.391748001778916,-1.1525879025069539,-0.0335555370335581
2.1,0.1094089354437679,-0.20928664557693866,-2.5362212638474255,0.15809297607633094,1.2466719957395143,0.08907859308586798,0.4841369842262648,-2.3420375767625683,-0.5001844082414968,-1.7259856783354854,-0.77296540976493,0.5881618527626065,-0.8447888731586384,1.4735138567993946,0.14115171109564228,0.8045162846924262,2.8995578097008625,-0.10681102151626792,1.7597832121925632,-0.6828022021040406,-0.8630201042560941
2.2,-0.12125268837257097,-0.25425735026063556,-2.6935912566538804,0.08119961708931434,1.3146833102336433,0.0020813105155325917,0.6258078219359374,-2.2427375807754326,-0.3895308211554931,-1.4145591155301378,-0.7554481025207952,0.775223239873404,-0.8859104093186853,1.3464338448589936,1.8462727410704896,1.3853144065464922,3.310880415568265,0.4597141162717248,1.9488765511582213,-0.1286976059314694,-1.6702543370116238
2.3000000000000003,-0.3335029236624571,-0.28551773640842454,-2.8179413584243034,0.00889859292491205,1.4020119012086139,-0.08616602175914984,0.7508399535187361,-1.9748372394581368,-0.22882476900863957,-1.0673610367789412,-0.681215406192773,0.9710889871618197,-0.8690547380455564,1.1420132635539113,3.4897282805356444,1.7956013137713411,3.6159643602360805,1.020420756132573,1.933206913075792,0.469413080092006,-2.4011730628521715
2.4000000000000004,-0.511023521321631,-0.29900669592070883,-2.9062123060860063,-0.053238461389112375,1.5084963886966691,-0.16972107298612205,0.8519646506802361,-1.5514917181788406,-0.03778084651220315,-0.6945821837937205,-0.552972160440355,1.1548293469789446,-0.7921030414798922,0.8703658353098264,4.932550573626909,1.985568913017556,3.824788182684092,1.5329590267685869,1.707175929221512,1.0651909813580012,-3.0074080812837294
2.5,-0.6394935868223137,-0.29284672236285336,-2.9563020258787915,-0.1001196544575779,1.6318890820668852,-0.24266670301097956,0.923152210691161,-0.9993137327242576,0.16003397158194133,-0.30506774980155316,-0.37756966991948565,1.3059927542056515,-0.6577150053049778,0.5460025810206897,6.046514082705083,1.928796108018977,3.953789924706151,1.9573005749670753,1.2858446804682284,1.6100798278958106,-3.449923436193788
2.6,-0.7078624212247835,-0.26760511043904234,-2.9669039718742627,-0.1275304512385601,1.768005236197198,-0.2995930416152719,0.9599999791101268,-0.3567275396908303,0.3397410760482543,0.09417059614506323,-0.16561175972762396,1.406607596357139,-0.47334393702265964,0.18675105900465516,6.72538251568732,1.6258396746094923,4.022624350270767,2.258930295472748,0.7033175260041524,2.0574674772114365,-3.7018089900775943
2.7,-0.7094038192831432,-0.2262877849295768,-2.9373135426148327,-0.1324764813192365,1.9110611764439984,-0.3360601372577147,0.9599999785020831,0.3287289943700518,0.4779088944494474,0.49810028306914905,0.06924082571747163,1.4429266415144377,-0.2508332545049782,-0.1875545230164884,6.894542989895145,1.1049505825220942,4.050627446850682,2.4116459907903955,0.009258303965225256,2.3668341551265804,-3.750041711867831
2.8000000000000003,-0.6424562051250348,-0.17405872189521276,-2.8672375731061277,-0.11344373948447736,2.0541667611764303,-0.34900000701700046,0.9226686281351071,1.0039483941096046,0.5552318726253207,0.9034629983117917,0.31121657669829267,1.4067442975245696,-0.005614505110961315,-0.5565024164041894,6.518164703474,0.4197656552543849,4.053415189200113,2.3997349411258355,-0.7360949131016694,2.5075120995315974,-3.596097633352584
2.9000000000000004,-0.5107775668932841,-0.11770790059004888,-2.7566405672380307,-0.07055456390799167,2.1899227557696404,-0.33702078452855677,0.8495324481927803,1.61436134960864,0.5588332696027221,1.308253880360317,0.5435581006169853,1.29616101559616,0.24443636368306823,-0.9005350859709811,5.603227375393517,-0.35585208456324,4.040031034201597,2.2193469119820564,-1.4679075095079346,2.461706382896265,-3.2553986734702827
3.0,-0.32347523063698613,-0.06491897671551206,-2.605655896506994,-0.005605757982075608,2.3110638438977555,-0.30058300260319076,0.7439752098949434,2.108273437890736,0.4839284192588118,1.7109581230448356,0.7497390391662399,1.1157250877305565,0.4803953688891957,-1.2022704920313338,4.20003161482086,-1.1353395765839498,4.010999167651948,1.8789487667239086,-2.123118186764298,2.2264844336136527,-2.7556782401805684
3.1,-0.09450544146214908,-0.023411309647536127,-2.4145812144771734,0.07801565709917786,2.4110841066145103,-0.2420282884794917,0.6109627303954065,2.441072107638048,0.33464741042352375,2.109649524779053,0.9146785453510533,0.8759442069311787,0.683825210656185,-1.4476127594640442,2.3991056040731333,-1.8285753720895292,3.9575437123176083,1.3988209492746106,-2.6465692282555358,1.8145275029637584,-2.134438828993319
3.2,0.15822650327059268,-4.69702872465394e-05,-2.1839657827628622,0.1755340559910988,2.4847841699661144,-0.16545304116379617,0.45667053176444045,2.578952261894028,0.12390155835426375,2.5010754103465085,1.0258587816263327,0.5922213144864092,0.8383185716947543,-1.6265731542809314,0.324733190663256,-2.35169381965988,3.8621076072587126,0.8096342493533091,-2.996296054504656,1.2535437019128626,-1.4357460556623702
3.3000000000000003,0.4141012821343472,-1.0904706027048405e-09,-1.914784527682565,0.2810900513101301,2.52868755435885,-0.0764329461053638,0.2880461794616106,2.501846136491452,-0.12772200107249176,2.8798586370484713,1.0742585273927965,0.28332537253371504,0.9309160191019676,-1.7337493145134943,-1.8743798630516697,-2.636532895876755,3.7001615171439797,0.1502198422163513,-3.1474640206526923,0.5843599086486814,-0.706650857812054
3.4000000000000004,0.6512630408245745,-0.02608154630901216,-1.6086808683047467,0.3881264133720129,2.5412871707919424,0.01838270540769677,0.11234181739644755,2.2053076600102957,-0.39394905643811307,3.237939113144104,1.055030627307089,-0.030447644437057053,0.9532722212483038,-1.7684410866632263,-4.036537893348014,-2.6386888712618033,3.4431476538183343,-0.5352896410337427,-3.0945785252402356,-0.1421717107791859,0.0064485003577029465
3.5,0.8482258162763145,-0.07830064013737781,-1.2682491184533995,0.48982666853596457,2.5231000309391045,0.11177616166960198,-0.06334697431510919,1.7011874858669733,-0.6455043566693732,3.5643549521821134,0.967871413139346,-0.3292392859013119,0.9024633157539723,-1.7344122964342454,-5.999641688170348,-2.3432720451247357,3.0622709386340583,-1.2007206482869028,-2.8517676418657696,-0.8692083813442004,0.6612013459151687
3.6,0.9854839024426991,-0.1537176350158933,-0.8973188801428844,0.5795739865712956,2.4765273529634038,0.19652575239514727,-0.23250227434410567,1.017034921392067,-0.8532285429529083,3.8454290819015453,0.8170546636618903,-0.595523831467708,0.7813573102435826,-1.6393365740209842,-7.613887032289797,-1.7676773680648195,2.5327445461825517,-1.801263012069737,-2.451127377377247,-1.5385599616329968,1.2221880179372184
3.7,1.0470000511096966,-0.2466176501563484,-0.5011993581044978,0.6513965373004809,2.4055364597094098,0.26598372330186315,-0.3895362103869472,0.19426835307721058,-0.9913052900089359,4.065384129409212,0.6111290855028899,-0.8157478987819842,0.5985059327193272,-1.4939894996658822,-8.753525427978133,-0.9609810108986228,1.8380300559155172,-2.2967511591397427,-1.9393094948794514,-2.09554797312606,1.6630805692120263
3.8000000000000003,1.0214547101733842,-0.3489979692361257,-0.08684159617462084,0.7003667169653306,2.3151982976731276,0.3146191236764223,-0.5300531528073317,-0.7147426295940159,-1.0402560896198607,4.207360996866924,0.36230452132310237,-0.9815549288413785,0.36755722701022586,-1.311266890656006,-9.32671960759393,8.053227471904734e-05,0.9735919778913925,-2.65456820687387,-1.3727021254303975,-2.493661644800988,1.9679429856080977
3.9000000000000004,0.9031584155414781,-0.45132944216242665,0.33711853175994244,0.722925388000275,2.2111283647640594,0.33847952785812363,-0.6510087557147365,-1.6504510978281801,-0.9893737540616295,4.254769560633757,0.08557598756882605,-1.0904771236093966,0.10622982889095962,-1.1051187515738707,-9.282691703050016,1.0182333575130462,-0.05028446862316649,-2.851952244963377,-0.8116877490601739,-2.6986031610474237,2.13161549626576
4.0,0.6925563314314933,-0.543521206431675,0.7604644404979355,0.7171082116353594,2.0988879894085213,0.335531439878768,-0.7507619788889733,-2.5504612610306396,-0.8383143701225457,4.192858284009145,-0.20234569130599409,-1.1460306013915718,-0.16507143765716492,-0.8894897635658039,-8.61559466161145,1.9852404754955866,-1.2069864911451238,-2.8775347623069587,-0.3145488568636501,-2.691361700454037,2.1592108145007245
4.1000000000000005,0.3962864676288529,-0.615993760854167,1.1716649160009538,0.6826587781629074,1.9834064022328814,0.3058488756187579,-0.8290250406531048,-3.354066916953638,-0.5976469281366104,4.010357723106525,-0.48421397045240583,-1.1572085194616135,-0.42488671669518296,-0.677350494543987,-7.3648167361178665,2.7930008343257198,-2.4536337300527666,-2.7320046646838247,0.06837910708476991,-2.4700358739262955,2.0648266053544644
4.2,0.026788519649437806,-0.6607503342313769,1.5583014714130377,0.62102192453641,1.868481593407421,0.2516320442614793,-0.8867240369417829,-4.006641190672452,-0.2882627218747764,3.7010345420441304,-0.7434475608635108,-1.137425886782831,-0.6524441745077245,-0.4798898024754924,-5.611729790041561,3.3450592543565807,-3.7328124741134783,-2.427862135106019,0.2997373156212437,-2.0502300069393478,1.8696413170431851
4.3,-0.39850440826113254,-0.6723324467247226,1.9076396824272164,0.5352196701793286,1.7564098446902583,0.17705220988825293,-0.925789091387293,-4.463534909291016,0.06033719405079285,3.2649900942800585,-0.9652625071998598,-1.1030230129674887,-0.8293686690011659,-0.3059198172081226,-3.4731882968097527,3.5673368987671497,-4.975926518216825,-1.9882987248169939,0.3588699929905401,-1.463972164123646,1.5996044931717615
4.4,-0.8583266666715519,-0.6485533191867113,2.207311179713978,0.4296208830864392,1.6477809034931454,0.08793348923905961,-0.9488969381631356,-4.693185286424047,0.4127403665934287,2.7095517089012446,-1.1376526568774086,-1.0714768964215795,-0.9412109548520893,-0.16152248878859302,-1.0923516145961711,3.4169363554390104,-6.107941926529239,-1.4453075761854246,0.2438929593474235,-0.7572301113921689,1.2829545629791568
4.5,-1.3290023911512447,-0.5909219024679706,2.4460591619137864,0.3096234388917071,1.5414593247248738,-0.00870374047205593,-0.9591905656013523,-4.6792050062112605,0.7310636494110494,2.049634747097175,-1.2521491782331138,-1.0594973425537897,-0.978666195652275,-0.049943260245053855,1.3723852118824982,2.8880392781749284,-7.053153921416192,-0.8371851635931529,-0.02808649457173229,0.013775830474344164,0.9477959046522453
4.6000000000000005,-1.7860193833404356,-0.5046991475498896,2.6144901701044256,0.18127368439721034,1.4347541708362113,-0.10520120766293241,-0.9599999751745043,-4.421308071212744,0.9788072484672927,1.30749687810993,-1.3043082118098723,-1.0811947104692385,-0.9383759427395183,0.028284777428631197,3.759424780550506,2.0141839578711114,-7.741486346332764,-0.20562898290225745,-0.42260844131439584,0.7871578293688687,0.6199439805318058
4.7,-2.2056350364005457,-0.39856404494407244,2.705769601025833,0.05085203623105351,1.3237608239346645,-0.193877358560537,-0.9545854644551384,-3.9350252442377074,1.1247388017486406,0.5118590903194041,-1.293897613223974,-1.1464981200635649,-0.8232425233228919,0.07502183339963989,5.915976953148752,0.8665602193614115,-8.114760041560451,0.40733884690757305,-0.8911881449814507,1.5004580642937557,0.32120590852568887
4.800000000000001,-2.5663950146675667,-0.2839064561226827,2.716198765750474,-0.07554471923952626,1.2038419089782282,-0.26764760206759197,-0.9459205342727288,-3.2502601677347087,1.1464075393180257,-0.30357412138669804,-1.2247772284586105,-1.2599776917672698,-0.6422259673679458,0.09405713484691297,7.709081632085205,-0.45164404122750845,-8.13234440843317,0.9623855956950397,-1.376001848708634,2.095826418384676,0.06820898150725263
4.9,-2.8504551770444286,-0.1738029044577898,2.645617440630114,-0.1923944720841927,1.0702008541822234,-0.3205987799850174,-0.9365260928705552,-2.408828903032882,1.0329123378025094,-1.1021055886775175,-1.1044903232392775,-1.4201845765685182,-0.4096376192847642,0.09055725873733095,9.034787471290688,-1.8144057766227886,-7.775639912959635,1.4255954596883262,-1.8154720297363973,2.5248367781251426,-0.12817249463942362
5.0,-3.044615526901331,-0.08176627662509017,2.497587474994892,-0.29508706837561055,0.9184926884497475,-0.34847004463470127,-0.9283616993145256,-1.4612030728342227,0.7866103859784295,-1.8464062289304672,-0.943604849931911,-1.6195721822249645,-0.14398758612662807,0.07048679520146589,9.824805350565486,-3.0847288936525716,-7.050926477733499,1.7707161270842677,-2.150211977786433,2.752529721310168,-0.2628045143232545
5.1000000000000005,-3.1410000317491336,-0.020387126169399528,2.27932924913237,-0.3801854835437506,0.7454131062617644,-0.3490000072370515,-0.9227737777925095,-0.46273380809672005,0.42354993405444863,-2.501064478538946,-0.7548606003360645,-1.8450061012234529,0.13351859605398606,0.040056882748126466,10.05018460720319,-4.128095565800789,-5.990246600443316,1.9807736130042155,-2.3287610254657185,2.7603348510248127,-0.3357644752993032
5.2,-3.1373457099139936,1.2362687540345974e-09,2.001402287389581,-0.4455948222035407,0.5492089015957432,-0.32211114366690474,-0.9204956108288902,0.5303339785901283,-0.02746763047191081,-3.0351182458171726,-0.5521907440281564,-2.078814257308009,0.40070859463613323,0.005247779906132344,9.721820982681077,-4.8262008227074995,-4.650160970260979,2.0489583877614366,-2.3125684050016453,2.5476219319493754,-0.35141168722856386
5.300000000000001,-3.0368958389811023,-0.0275109728405456,1.6771424482267134,-0.4906303147750511,0.33006032044376715,-0.26991605749963454,-0.9216899391375253,1.4647418573186837,-0.5271559395096179,-3.4243563492918434,-0.3496930194202099,-2.3002781036949393,0.6362523968695094,-0.028561596799833458,8.887874415950328,-5.089594657583651,-3.108403117495315,1.978744890221838,-2.079762163294839,2.1317478863771653,-0.3172035537590405
5.4,-2.847922829985556,-0.10551174000944874,1.3218889626087378,-0.515983097684906,0.09029792880598249,-0.19654513324978928,-0.9260224633843637,2.2936982687889405,-1.02916619854802,-3.6531886765648354,-0.1606266488448697,-2.487425128965708,0.821400227120703,-0.056839665430711804,7.6284285090332595,-4.86792240011172,-1.4586508582077014,1.7832658928423615,-1.6273614692222167,1.5465962250367558,-0.2424166504570746
5.5,-2.5829337133904406,-0.23178169938192406,0.9520532769712992,-0.523589969480419,-0.165567968915903,-0.10781007977604994,-0.9327535877183646,2.9797090230274543,-1.484366299213923,-3.715915066159802,0.0034938992680954295,-2.618956205607566,0.9415037718885784,-0.07602201005685648,6.047940053451822,-4.156653725505936,0.19619191016401666,1.4840181039402907,-0.9717435053229688,0.8397352070463551,-0.13692675212231897
5.6000000000000005,-2.2576331470025455,-0.3992446909394909,0.5840964331971665,-0.5164199640874819,-0.43101001315156023,-0.010731577345508721,-0.9408363161306363,3.496571338246187,-1.8455826266268864,-3.617269783898466,0.13364721895607581,-2.6761307980553926,0.9871939131869274,-0.0835178027297668,4.266188723584543,-2.9995068092576105,1.7516658635654423,1.1090217042146837,-0.14734462372632134,0.06843952497099154,-0.01018007521629638
5.7,-1.8897337752346044,-0.5964042828532,0.2334911608377963,-0.4981960142758532,-0.6978257089569367,0.08702947449442824,-0.9490100953355418,3.8304211834699133,-2.0723509654889094,-3.3721774948840046,0.22384836688956455,-2.644439467735528,0.955117713714053,-0.0776271291862774,2.408531632918926,-1.4861781926157382,3.1097446076458293,0.6905910007196331,0.796257057127428,-0.7050828037730493,0.12954718945958027
5.800000000000001,-1.4977107025564167,-0.8082349649320535,-0.0862520010781711,-0.47307385002058183,-0.9566296575211944,0.1777897190773207,-0.9558832438320843,3.9798058518726735,-2.135206424963063,-3.0047226833896405,0.27145724434484736,-2.5149155499872915,0.8481751854535257,-0.057401088644756404,0.5962890180734095,0.2545570980161065,4.186464334757648,0.2628939823740068,1.798580194336436,-1.4188498377140197,0.27554803340855605
5.9,-1.0995955751833106,-1.0174606882448607,-0.3644188064768582,-0.4453023825172163,-1.1974540625166583,0.2544588886773364,-0.9599999800290415,3.954834368206343,-2.0190719006372957,-2.546401675768347,0.2772400479828883,-2.284973868766584,0.6752390880499647,-0.022479467336066927,-1.0619632948163131,2.065850538503763,4.918537323852287,-0.1405155159781659,2.793383795296873,-2.0162118956521353,0.42273703240161775
6.0,-0.7118967940167974,-1.2061114923728293,-0.5937199785121983,-0.41889010549862565,-1.410406487835677,0.31110243433608065,-0.9598914916929312,3.77553061905563,-1.7253786092140397,-2.033788714416051,0.24518994602334965,-1.9587101626147374,0.4503849079583276,0.02706098687797584,-2.477534482772035,3.776944737230381,5.268370455338045,-0.4890176232729935,3.714223562927268,-2.4504723648739186,0.5673960936349967
6.1000000000000005,-0.34871685275348663,-1.3572176493474402,-0.7706646487845268,-0.39730058276069136,-1.5863297381476256,0.3434053555500807,-0.9541135233913407,3.4695721025793738,-1.2726645728204362,-1.5057992243663103,0.18212972902695354,-1.5466458971606847,0.19169944349265478,0.0908206681928315,-3.5866997262260982,5.2192132052552305,5.22704174753094,-0.7569436959826206,4.499901718622834,-2.6886358051828463,0.7066919954746115
6.2,-0.021117368666934505,-1.456482187859994,-0.8956490231211446,-0.38319709129466445,-1.7174097790072573,0.34900000755362093,-0.9412752181187143,3.0696365500759413,-0.6955375714187106,-1.000769724434231,0.09713315904346201,-1.0649542982730307,-0.08022850053918587,0.16813587476402334,-4.353431388920563,6.242568894211999,4.814961465549,-0.9251674959400547,5.099314747167565,-2.71397414154381,0.8380710948132334
6.300000000000001,0.26324094233645423,-1.4937690408561035,-0.9727537245637853,-0.3782522602907399,-1.79768357443595,0.32763239573856745,-0.9200651670116861,2.610596850477667,-0.04204497312310185,-0.5535913367535008,0.0008122434719261551,-0.5342498082762892,-0.34400591702421246,0.25807580593248064,-4.769707886806383,6.73065505464252,4.08014413856625,-0.9821846372663405,5.475274608966057,-2.5272060319706107,0.9586492422866805
6.4,0.5001801397374522,-1.4642561754849412,-1.0092669809898913,-0.3830334635533093,-1.8234088926973997,0.2811552336414398,-0.8892806713177935,2.1268011931683035,0.6303508670708255,-0.1931308044494271,-0.09547582797763549,0.02193962507907532,-0.5791779744882641,0.3593831661619723,-4.853540587992283,6.6133049177308365,3.09422582642157,-0.9246359837443762,5.6069894001194625,-2.14620558248541,1.0647121736350043
6.5,0.6888282363804459,-1.3691301899971158,-1.0149732071055584,-0.3969691969092308,-1.7932714209201135,0.2133506410784825,-0.8478651307928429,1.6496515901212474,1.2598515307771914,0.05985053985458,-0.18044599138151327,0.5788733417276499,-0.767869012121069,0.4703745099003817,-4.645048070253627,5.874979153363232,1.9465582997630784,-0.7572719620858852,5.491027425462464,-1.604283668249365,1.1514240338368178
6.6000000000000005,0.8312225369085152,-1.2157387883250916,-1.0012656202438066,-0.4183961131930102,-1.708419568415856,0.12959953094098783,-0.794956416671293,1.20565315925994,1.7860032727648705,0.1941113181613584,-0.24367240906602677,1.1123176705398257,-0.8961867040820313,0.58882480992113,-4.201056239899008,4.558243784897458,0.7368804188011457,-0.4923928379186354,5.140739880799188,-0.947206990205397,1.2128115220888915
6.7,0.9317466528058946,-1.017166758761743,-0.9801556532113525,-0.4446811739987671,-1.5723326275515,0.036427267080150025,-0.7299463638648723,0.8150533488118435,2.155455337612709,0.20856630185805647,-0.27629608578583303,1.6001354221267385,-0.9552759319796004,0.7118655846362307,-3.58880058504025,2.7618048286907078,-0.43280853727292035,-0.14883228237757867,4.584266468993053,-0.22922600921596403,1.2420521208444004
6.800000000000001,0.9964636554633058,-0.7912550874912232,-0.9632598502518592,-0.4724088308567918,-1.3905420209951516,-0.059034980883300114,-0.6525485124070407,0.491130160790917,2.327248543752478,0.11209881241927253,-0.2716117572960122,2.023615297253979,-0.9419403110790093,0.8359266204981602,-2.8793468711849384,0.6331275796967097,-1.4664799562325612,0.2494238198295315,3.861380462392742,0.49153606054435967,1.2320516908409016
6.9,1.0324106597674316,-0.5591365546266394,-0.9608459705172344,-0.49761951419731076,-1.1702368839511519,-0.14962741180926736,-0.5628683698511833,0.24012724464031798,2.2771158141439023,-0.07742587748709973,-0.22550287443568162,2.368442400400014,-0.8587872834447825,0.9567477154270874,-2.141328221905079,-1.6438101095928483,-2.2817107963003,0.6748754309552263,3.019532130826362,1.1579317406040792,1.176254551183801
7.0,1.0469170272186696,-0.34340941765980815,-0.9810141081538215,-0.5160831456415281,-0.9197931935754018,-0.22872915889421613,-0.46146817172359034,0.061777121686783065,2.0003558590195305,-0.3348535591635277,-0.13670472075126172,2.6252504497057823,-0.7138938233760775,1.069479307076222,-1.4355245923401914,-3.8646002243083415,-2.8160772976087545,1.098288333871045,2.109512502699394,1.7184601721748947,1.069593094805971
7.1000000000000005,1.047000050767305,-0.1661088145834162,-1.0290763208039149,-0.5235899689465838,-0.6482694391547603,-0.29076986671681804,-0.3494167432170393,-0.04969332174666752,1.5129648235102675,-0.6299886429339633,-0.0068872003913504065,2.789739769353149,-0.5200304717388529,1.168880173496593,-0.8106947816988621,-5.822899072418741,-3.031775501678945,1.4905023015442154,1.1811777224168352,2.1313679922533284,0.9094584287413645
7.2,1.0388795808690596,-0.04665941717181554,-1.1071806603670908,-0.516240705940818,-0.364911243490308,-0.3316445518786164,-0.2283148649636515,-0.10421481897381779,0.8508675604333398,-0.9301988413336786,0.15944015999447653,2.86238818705372,-0.2935180969796878,1.249607828542846,-0.300924680039489,-7.329644494687335,-2.918096590198794,1.824162101657198,0.27964708446115427,2.3678442281277494,0.6965617356084307
7.300000000000001,1.027638025138939,1.8472368079613943e-10,-1.214204209035058,-0.4907188038031178,-0.07870266676372631,-0.34900000858875774,-0.10028763542034132,-0.11434328609364997,0.06726600881062028,-1.203151785154697,0.35518857033393875,2.847820149651537,-0.05282135093886112,1.3065842576565263,0.07540599737891118,-8.231196324545447,-2.4915773318885286,2.0752798407275983,-0.5576808896598173,2.4140578810551325,0.43555976518222606
7.4,1.0170361032296196,-0.03505987131750676,-1.3459166478864042,-0.44452921194165845,0.20200617069916693,-0.34237250581953327,0.03206233499691122,-0.09370320409683697,-0.771699431794378,-1.4194507062598238,0.5710949772190614,2.753928936328288,0.1829971943021406,1.3354078172803001,0.3150964074303988,-8.4246599278029,-1.793852797619817,2.2245547039897215,-1.3030520609916476,2.271891780046067,0.13533709244124814
7.5,1.0094792530749086,-0.15373913732996003,-1.4953930775465731,-0.37619053651995416,0.4697760095670159,-0.3131694632229636,0.16574365820122589,-0.05555389252363352,-1.5926156054803222,-1.5549492779692708,0.7962445531938562,2.590865003385226,0.3958293323670783,1.332772931779883,0.428238210583185,-7.868879082982855,-0.8874410134337627,2.2583955643366727,-1.939101718486583,1.9583418434471076,-0.19112921854408815
7.6000000000000005,1.0061160894290535,-0.35050176854951226,-1.6536342802161044,-0.28537037556067824,0.7182524540495323,-0.26450104198483726,0.29750545178191923,-0.011599602556077837,-2.3212957198701076,-1.592557917405169,1.0186790572052342,2.370008710046626,0.5699497807407256,1.2968538888713428,0.43528570427056246,-6.589959653767911,0.1501310985700744,2.1696115799593,-2.458435212938386,1.503666691920141,-0.527353448392975
7.7,1.0070399435072446,-0.6126361687798396,-1.8103361429396325,-0.17295694216009055,0.9422411314163737,-0.20087999470416548,0.42400134841795345,0.028871310103285926,-2.8895281199704947,-1.523402203561241,1.226056901920744,2.103037823421876,0.6932047698393379,1.2276083839205332,0.363473197666353,-4.6806765132738155,1.2333105466507885,1.9577544682311059,-2.8621849219956026,0.9484783837356183,-0.8543551104125447
7.800000000000001,1.011558010981889,-0.9211772402029801,-1.9547389487827458,-0.0410635527350281,1.137698230768668,-0.12781863460092427,0.5419781496444933,0.05947388238303397,-3.2414539278341707,-1.3472539782686948,1.4063299811447652,1.801180545636526,0.7578680271570825,1.126960821646405,0.24300158931304505,-2.293678415344421,2.27597094444837,1.6291127388984643,-3.1577916910586175,0.34005175124325515,-1.1520345439898998
7.9,1.018490316484078,-1.2524224094185061,-2.0764825689299626,0.10703397417592805,1.3016583340470702,-0.05135954786194645,0.6484754628634327,0.07683835872242023,-3.338973364415674,-1.0722215852829051,1.548403068231173,1.4747158478400453,0.7611025291512005,0.9988345290417127,0.10340295445619097,0.3710131767950293,3.198666422833843,1.1963723362092324,-3.3563359444562826,-0.2718098445713399,-1.400796935597033
8.0,1.0264624379460245,-1.5799174742245703,-2.1663955497948417,0.2670236368488918,1.4321259229982974,0.022418915678518427,0.741020205396208,0.08038248595151132,-3.1656579729864314,-0.7137514847864741,1.64274364549381,1.1327480920194164,0.7050019080774044,0.8490152051495794,-0.0295615429046312,3.0831697296669587,3.9350498474659124,0.6779698221163007,-3.4697825468746677,-0.8389852991445286,-1.583276682104243
8.1,1.0341611953045258,-1.8767418695755989,-2.2171543712827337,0.43374084861339485,1.5279578108085516,0.08788056976262908,0.817798873147565,0.07181191441759105,-2.7287739315387682,-0.2930531541987324,1.6819131275788481,0.7832463087308931,0.5962221925574158,0.684843899770959,-0.13620102629214015,5.6026866708953795,4.436907827919202,0.09717369085247288,-3.5085005505867186,-1.318959790612864,-1.6859935196784748
8.200000000000001,1.0405304450329749,-2.117891569173634,-2.223762868727049,0.6014001646553175,1.5887610350901882,0.14025377085061433,0.8777911566700024,0.05443802169410972,-2.059189047581035,0.16489261450127318,1.6609943977391395,0.4333042559650272,0.44524936454886377,0.5147549904011676,-0.20422975629597134,7.701256067039869,4.677403168011549,-0.5190629084973366,-3.4793750259006733,-1.678134324125852,-1.700768441757314
8.3,1.0448936693986925,-2.2825445559247854,-2.183819591364335,0.7638637060583546,1.6148248948791377,0.1759653748775783,0.9208508772237132,0.03241284155432422,-1.2091278322697345,0.6335494197681604,1.5778952332143252,0.08954938432572127,0.26537802459750615,0.3476912386022959,-0.22909239709208906,9.183398208186116,4.652288857696865,-1.1414283438461936,-3.3847484665174905,-1.8942565113028635,-1.6257421509482046
8.4,1.0470000503646217,-2.3560001851864287,-2.097560993940464,0.9149330654546861,1.6070976077426293,0.19286211385109514,0.9477241633258039,0.009979546428685038,-0.2479376657251734,1.087058291333367,1.433512450381055,-0.2413897707014495,0.07149878623760408,0.19244226887269275,-0.21334781826651095,9.904893674278016,4.379049814484819,-1.7397022882238011,-3.222322835184254,-1.9577932339439914,-1.4658707666826518
8.5,1.0470000507665398,-2.3311095857376056,-1.967688919320154,1.048650246636636,1.567208558300782,0.190305733391208,0.9599999767771231,-0.009174943951370196,0.7437840122343993,1.5022867221105105,1.2317473814939746,-0.5524553615496353,-0.12119488429205888,0.056963120317273894,-0.16527738868425446,9.78686561861646,3.894121138917116,-2.2842688749964406,-2.98603207032773,-1.872164116389672,-1.232820029264056
8.6,1.0453642194145818,-2.20905742720727,-1.7990099183552328,1.1595925604275001,1.4975275075726338,0.16913953844015556,0.9599940646758519,-0.02239913769312396,1.6811940062055046,1.8605161886997081,0.979369542281099,-0.835863565500283,-0.29846668720831426,-0.05226537596874839,-0.09695666782059398,8.82413717576952,3.2485066009191144,-2.747628647015956,-2.667772306160841,-1.6528572069485175,-0.9442359799969187
8.700000000000001,1.0427642679983649,-1.9994122050559482,-1.5979298327883014,1.2431464139843125,1.401243647805534,0.13153509075490302,0.9505735977041737,-0.028348089421987327,2.4827186987526173,2.148630428724105,0.6857319845673984,-1.0830149410263994,-0.44815776096353555,-0.130773496938037,-0.02207101360194219,7.086998253023233,2.502262229833101,-3.105841379968093,-2.259766826103505,-1.325545663618553,-0.6224315391389826
8.8,1.0399380223081076,-1.7194276000479245,-1.371858336794939,1.2957456234752507,1.282441111794225,0.08073772166998222,0.9349355457545117,-0.02703533471275879,3.0774027376124486,2.359718388338491,0.36234872494665177,-1.28466043321529,-0.5610768130771895,-0.17648288765607,0.04623687883077143,4.716113579794677,1.718404428167681,-3.339830085633798,-1.7572572480870479,-0.923407979672804,-0.2925883794833439
8.9,1.0375595524968084,-1.39264552821299,-1.1285838543300306,1.315061267830813,1.1461443261639293,0.020737435521010664,0.9163566451768365,-0.01968229596328458,3.4114181052861055,2.493064157670049,0.022351604241489686,-1.431337936959643,-0.631593316680191,-0.1898889079077663,0.09722508605882973,1.9109349534421272,0.9568417209344986,-3.4364770771718867,-1.1611614066028928,-0.48391726934834944,0.01937419557991535
9.0,1.036132888982446,-1.0469159480336376,-0.8756790482827992,1.3001321775386336,0.9983069398832805,-0.04410294259615536,0.8979361091531511,-0.00840556284691274,3.453127641487674,2.5535556972328592,-0.3201493141850391,-1.514057499243043,-0.6578956212872908,-0.174021046475066,0.12390788631393557,-1.0874135028020382,0.2689111509029063,-3.389446748218385,-0.48032797742842415,-0.045402343406324874,0.28907260674126434
9.1,1.0359227667670579,-0.7120033229288731,-0.6199910923943738,1.2514278789014637,0.8457220650628401,-0.10942824636565728,0.8823536370848487,0.004200333329272721,3.196221064066897,2.550599029527259,-0.6507715148822563,-1.5251774975146684,-0.6419067837772954,-0.13417769178100103,0.12377526166693964,-4.017284526787603,-0.30697296323154477,-3.199677439205801,0.26695010787679996,0.3563077958957154,0.49586242438989325
9.200000000000001,1.0369295542215837,-0.41698965355243295,-0.3672599143173877,1.1708391131501343,0.6958389191677795,-0.17124676472726574,0.8716645787086638,0.015517981236791156,2.660611652481637,2.496669658920781,-0.9555964856635569,-1.4593836123321986,-0.5888813512679991,-0.07745299077284842,0.09882975406814906,-6.619807129855826,-0.7481708327157656,-2.8754969586935215,1.0524297315857987,0.6908637068043592,0.624758685807759
9.3,1.0389087693091892,-0.18770531109218513,-0.12189273425202889,1.0615947992308823,0.5564809452366374,-0.2262317649009127,0.8671512943825855,0.023333057679627567,1.8909827953972054,2.405664136051322,-1.2218976334328577,-1.314660768384715,-0.506733515468305,-0.0120940142278754,0.05498150378294231,-8.662230452928698,-1.0489382083273209,-2.432333137601763,1.838581103245592,0.9357519873720872,0.6678800274255907
9.4,1.0414292337458793,-0.0444193228914429,0.11309393757988895,0.9281083411500978,0.4354720753280749,-0.2719453295114775,0.8692450244878981,0.026172391340422818,0.9530872815397079,2.291229147847283,-1.4388185952915213,-1.0931382059310437,-0.40516868563761343,0.053256084976446155,0.0009206965648480558,-9.95917736105152,-1.2197605106372087,-1.8920118788878102,2.5804563738178308,1.077846372998889,0.6252634093684168
9.5,1.0439587403467978,-3.625699740439359e-11,0.3359714013995361,0.7757602853470498,0.3401897402200757,-0.3069690827232021,0.8775263338789332,0.023510437663625372,-0.07189112286664612,2.16524218744813,-1.5979613267429658,-0.8016910205786694,-0.29470485532970464,0.11036060525420333,-0.05335288665460203,-10.389841505780954,-1.2850216310512932,-1.2816596438513694,3.2286638886829007,1.114050704653578,0.5049524260212398
9.600000000000001,1.0459627100425308,-0.05871652595268273,0.5460580400633993,0.6106282670702134,0.27707417619427094,-0.3309353899089728,0.8908049896635458,0.015820476309774317,-1.0944238184298178,2.036597373167288,-1.6938463565984436,-0.45219804100668715,-0.1856761510236864,0.15216281001228169,-0.09812744671526707,-9.90951368458316,-1.2792916997373065,-0.6322537761983086,3.733219032589692,1.0510166273798551,0.32232966395119966
9.700000000000001,1.0470000506314852,-0.21579584059947376,0.7433775363747278,0.4391786841207078,0.2511322534645312,-0.344461797896629,0.9072726316640715,0.00446906825116547,-2.0245439670002474,1.9104146318632087,-1.7242132746838992,-0.06138453745596639,-0.0873084255370748,0.17345636227145145,-0.12547988961540302,-8.554328110684391,-1.2426503586093776,0.02310936421737525,4.047932609191593,0.9040027115388327,0.09873592593593489
9.8,1.0468013812122412,-0.45778186627010936,0.9282623791434216,0.26793733772176404,0.2654793606231838,-0.349000006271633,0.9247145224001974,-0.008526058419623173,-2.779865251470648,1.7877439464941212,-1.6901377671904012,0.34978362266852514,-0.006946258988004633,0.17138646212321634,-0.13047554899500335,-6.438731169272932,-1.215551316516205,0.6511339939893686,4.134919525398274,0.6950161655215951,-0.1405106158235122
9.9,1.045317758667651,-0.763671901172748,1.10095355697418,0.10315814069574536,0.32096405135164224,-0.34661778521304515,0.9407607139649165,-0.020836162761934673,-3.2929877602098596,1.6657834403060896,-1.5959520119428625,0.7571438052769723,0.050506474586285544,0.1457299369542853,-0.11190755715395495,-3.7458384948925247,-1.2337719978015227,1.2203176643958717,3.9687733998358876,0.4504369732316401,-0.36852110402551863
10.0,1.042732592548078,-1.1067344372701953,1.261246501519922,-0.04949028653069466,0.4159168263426256,-0.3397373992392594,0.9531527492185403,-0.030208283275708014,-3.517615551078676,1.5385760529493078,-1.4489674398176717,1.1347624764065039,0.08289239062113192,0.09892240142596759,-0.07248035264872854,-0.7114996593673744,-1.3239757761153381,1.7028891389576797,3.5399616881873395,0.1983623774882206,-0.559448416184519
10.100000000000001,1.039434930584426,-1.4568502231078966,1.4082272734776708,-0.1852008646020471,0.5460566750061429,-0.3308568804101359,0.9599999789166609,-0.03484140241771605,-3.432822357155225,1.3980998278082741,-1.259012000378492,1.45664501428308,0.09083737553211925,0.035824083291424696,-0.01841664557814615,2.396527228699962,-1.5003457804337839,2.076558343293124,2.8570514449083797,-0.034075546053666805,-0.6910595135441736
10.200000000000001,1.0359579982560856,-1.7831698750196185,1.54013236391938,-0.30024975640926077,0.7045773896932133,-0.3222807710958361,0.9599999792566312,-0.033696504550869366,-3.0450662718718444,1.235626271813823,-1.0378072202313127,1.6985969519654813,0.077528038593941,-0.036759180931761115,0.041456237585162564,5.302430643921792,-1.76263580009488,2.325950127985292,1.9474735535162773,-0.22317535156094603,-0.7470193621315763
10.3,1.0328920241646657,-2.0568512856579986,1.6543514355672917,-0.39214927784041026,0.882421159631902,-0.3158848125967982,0.9526004207148676,-0.026694192455143817,-2.3877563263842365,1.0431938186697338,-0.7982224986337141,1.8400812429696105,0.0482625244054454,-0.11075931365480635,0.09701567821744883,7.7470802214001075,-2.0958369520113256,2.44360870472559,0.8566643598752002,-0.3507016287846312,-0.7186594607853548
10.4,1.0307842951500163,-2.253631362856312,1.7475763096518762,-0.45972204747361217,1.0687308531661648,-0.3129347963282406,0.9380848563201423,-0.014768840012723938,-1.5183952946650372,0.8150317488908998,-0.5534542228538428,1.8659075243816434,0.00982637017532842,-0.17767257963696162,0.13837072934267736,9.511396666619664,-2.4714932244681,2.4304847225576993,-0.35442426728574117,-0.4053261873081549,-0.6060478103197733
10.5,1.0300415357683623,-2.3560001848070486,1.8160831557573354,-0.5030915499097538,1.2514562137179144,-0.31397390381185103,0.9175718308105673,0.00023219811771119092,-0.5135435817199326,0.5487750499414633,-0.31618446324422345,1.767596381831237,-0.03024149833591963,-0.22945290927606482,0.15739802809935832,10.436224838861223,-2.8505312094758186,2.295850763594191,-1.6132971526555149,-0.3833726294056842,-0.418239616388436
10.600000000000001,1.0308497925150912,-2.354780367540885,1.8561198287424165,-0.5235899695045704,1.4180744966842478,-0.31878595282523675,0.8929248415882954,0.01579448182995294,0.5379516103491511,0.24633202975358298,-0.09777745608844501,1.5442841304723198,-0.0644206889114004,-0.2593871082874018,0.14907353371000642,10.436886375712263,-3.1873158140350615,2.056631381379703,-2.8410723049794036,-0.28883025162233167,-0.1726635000811021
10.700000000000001,1.0331249802991198,-2.2499672455077446,1.864358141054601,-0.5235899690691248,1.5563743356429365,-0.32643471748183084,0.866579259068231,0.029097242402428572,1.5428579078411615,-0.08569817145247333,0.0924287109795397,1.2030698918494431,-0.08594727388123707,-0.2628666340777909,0.11240948647239879,9.511065759077484,-3.434519528128787,1.7361777465396329,-3.9583996494320877,-0.13267145557887844,0.10632051163540468
10.8,1.0365033402879424,-2.0507516266652446,1.8383627925521975,-0.5062726051561545,1.6552440762317089,-0.33537257683354593,0.8413005293969327,0.037441861585177455,2.4118809696311994,-0.4361152572353373,0.24768302029406208,0.7587536295038315,-0.0894524070281992,-0.23797828301273527,0.050852993155879656,7.739286910334183,-3.548309993076392,1.362561030458324,-4.891633555164433,0.06843135520793175,0.3895751468265296
10.9,1.0403757299370118,-1.7747204141865998,1.7770255249935258,-0.47534835029451683,1.7054033111281606,-0.34360578318925616,0.8198950450696448,0.03868975035336214,3.0676591140024376,-0.7897200925779284,0.3641923434557041,0.23296703917464945,-0.07144851392714001,-0.1858513686860661,-0.02793122927010594,5.277911074172331,-3.4933271121878757,0.966499123147019,-5.578711345436511,0.29384353401992225,0.6458657280893233
11.0,1.043963572611917,-1.4463046028080795,1.6809151570757508,-0.434751831374927,1.7000192792226934,-0.34889912311051197,0.8049002804515445,0.031647376879484046,3.4517065947363568,-1.1283827508694864,0.4412726450748409,-0.34724621903535247,-0.030626368682511618,-0.11072048459794442,-0.112893869961872,2.345269016733161,-3.2469398662026765,0.5790644986940557,-5.974202580657466,0.520980879072948,0.8448251252464976
11.100000000000001,1.0464282035331527,-1.094612288923354,1.5525013008178974,-0.38833306285756564,1.635158030442766,-0.34900000765805617,0.7982836132644482,0.01634021363576421,3.529676160885674,-1.4324814611170644,0.4812670748824673,-0.9512937417193765,0.03205472581594571,-0.019688816318151253,-0.19096989845406032,-0.7978314465659474,-2.8023422921739,0.22934378396401162,-6.053058323708328,0.7274020632372088,0.9599309390204487
11.200000000000001,1.0470000509974093,-0.7508401484650722,1.3962210740459886,-0.3395684282241975,1.510033164988052,-0.34186122809982805,0.8011793694638298,-0.005870910766541337,3.294462575708761,-1.6825788869840352,0.4892351127240199,-1.547191967132542,0.11348193669262724,0.07779517090948732,-0.24883088298460532,-3.8714658681406577,-2.1701608021254577,-0.057770629932710024,-5.812700543138703,0.8927890870096007,0.9712149536988517
11.3,1.045110304599251,-0.4454952182560923,1.218372888921202,-0.2913133465288657,1.327031430862976,-0.3258427153599466,0.813690967724442,-0.032359345069484347,2.7668637240110683,-1.8611764227691072,0.4724348559524135,-2.1038401730136043,0.20868910730513301,0.17070759222782142,-0.2748120527045123,-6.601709106124355,-1.3783899998064253,-0.2634812388623827,-5.273239308319168,1.0006451255284086,0.8674441500634569
11.4,1.0405060023003463,-0.2056762355110182,1.0268379749692165,-0.2456154996899707,1.0915130430625923,-0.29987543756370727,0.8347797923321658,-0.059493593060008676,1.99373701435299,-1.954376971924067,0.4396372612611413,-2.593220092025584,0.31130681831217577,0.24740141676676253,-0.2607725665989109,-8.745231675134661,-0.47063714895207487,-0.37652198818292204,-4.4757757443082955,1.039574907681746,0.6475567494680365
11.5,1.0333301401179924,-0.05265863240161506,0.8306470703210541,-0.20360288289572848,0.8114035820009675,-0.26357470597326543,0.8622550282549074,-0.08307065913858602,1.043815765179521,-1.9532929930870366,0.40032524327840513,-2.9923350091785386,0.41411570933436104,0.2966584783862708,-0.20364274049995923,-10.111146922722888,0.4971794874035712,-0.3940074202881874,-3.4789256539082816,1.0040589987795976,0.3212020595384971
11.600000000000001,1.0241515177485077,1.1630851837196587e-10,0.6394250496610743,-0.16545510351850123,0.4966119826670904,-0.21729517727739095,0.8928697976177883,-0.09887906369332572,0.0015623725036050529,-1.855058854784744,0.3638407255597028,-3.284724178434067,0.5096501650270617,0.3087473535718911,-0.1064369415539761,-10.578129116767268,1.4613821531671338,-0.3216155185380799,-2.3538652090668557,0.8946850455489049,-0.09168655867586484
11.700000000000001,1.0139343325578363,-0.052335904844940107,0.46275865331928157,-0.1304597348063361,0.15832378823720178,-0.16212522714797828,0.9225193420391031,-0.10332912532087782,-1.040387128469291,-1.6633425824693162,0.3385480550743455,-3.4614258098617343,0.5907983884886774,0.2763905568016091,0.02143634771936931,-10.105253425457718,2.355916247396494,-0.17307783670851828,-1.1783398870244908,0.7178509013938412,-0.5622678785671151
11.8,1.003944499395477,-0.2049736428191986,0.3095407247168355,-0.09714865059217617,-0.19177087365546258,-0.09982361181424843,0.9465275774397713,-0.09407487356122787,-1.9895052394229693,-1.3882984273492753,0.3310820299534509,-3.5213113424838607,0.6513487870993369,0.19555071565868193,0.16466025505402948,-8.735581216194849,3.1180634288755433,0.03099319457668165,-0.030177013966239175,0.48500156517081927,-1.0550123987842626
11.9,0.995597555813472,-0.44431951531692154,0.18734763970136037,-0.06350268541341902,-0.5422502105424873,-0.03270596454827225,0.9599999803678765,-0.07054709586300356,-2.7616349552146326,-1.0459538639757273,0.3457430027407933,-3.4707706332304022,0.6864407755348583,0.06596003691037491,0.30329356493092674,-6.592175358131137,3.693950765211736,0.2648544768141429,1.0191091753711645,0.2114997758759969,-1.5305802170071605
12.0,0.9902609154457579,-0.7491000978488136,0.10190458652816056,-0.027207230911065933,-0.8826711182440498,0.03650768408018744,0.9582142349376782,-0.03432154622983519,-3.2884875025762894,-0.6570776108095082,0.38409043726558056,-3.3227866909549277,0.692889480492496,-0.10866079218886143,0.4147601198081503,-3.866919396068913,4.0433391482252405,0.499824928996912,1.910038361771282,-0.08474420894110424,-1.9491089099213275
12.100000000000001,0.9890302105564839,-1.092266550731524,0.05668620411205738,0.014063012238464399,-1.2041601935608814,0.10487077495681818,0.9370160036382038,0.010739777004892703,-3.523702491486059,-0.24562398180535272,0.4447707124686777,-3.09549404470685,0.6693670911504426,-0.32072104643104316,0.4763607895371894,-0.8031681871351892,4.143241307097687,0.7067460202868492,2.599692212212392,-0.3847463754476955,-2.2736222855849126
12.200000000000001,0.9925046286990145,-1.4434098067690821,0.05268847421148981,0.06235456451312346,-1.4998404655453184,0.1693988535053279,0.8931859887122158,0.05861424054534736,-3.446928807884481,0.16311133488865162,0.5235960881405503,-2.810361430128872,0.6164373219489353,-0.5592126585463899,0.46805158548611026,2.3261841376312695,3.9900296771853014,0.8585097731507335,3.0646440313333336,-0.6698913760409662,-2.4732563508029184
12.3,1.0005887692973074,-1.7714689878725318,0.0883927806641343,0.11916608440043008,-1.7650647609547025,0.22725464297163694,0.8247462674551828,0.10152272597579459,-3.065565151806548,0.5444618866267757,0.6138710997864535,-2.4901726981510905,0.5364522765973042,-0.8104641493912043,0.37518314043848633,5.2432212516341625,3.599836365597376,0.9324445434972267,3.302036711285105,-0.9232240207719418,-2.526012224721568
12.4,1.0123481457826968,-2.0474897430463077,0.15992610395372012,0.18522336118229593,-1.9974449880807015,0.27591672154579744,0.7311785816234885,0.13059238836201825,-2.4140119280900842,0.8763134172044307,0.7069419486449975,-2.1569964547305593,0.43333175067765883,-1.059135546650988,0.19088034369392315,7.689881223015698,3.0072077031819915,0.9123572091350057,3.328732942585848,-1.1304959287217742,-2.42078598644668
12.5,1.025941876210484,-2.2471856248758795,0.26140400178415174,0.2603186584505198,-2.196685745615468,0.31332138798504006,0.6135344386065065,0.1367266157371151,-1.55051167234866,1.14080958597205,0.7929254596032179,-1.830333283915866,0.31225281077932754,-1.289372049155451,-0.08224021004175319,9.450943367819445,2.262138920400721,0.7900560487563694,3.1786466442499792,-1.2809060781610653,-2.1584889843382227
12.600000000000001,1.0386495284300725,-2.353074366759137,0.38542695335874094,0.3432295244668121,-2.3642487046867444,0.3379703315214588,0.47442590956547237,0.11160295820702804,-0.5518726963266369,1.3256910862496913,0.8615585468430753,-1.5256096143114957,0.179281839057987,-1.4860194812394139,-0.43126349772870554,10.373057941987035,1.425764701485215,0.566219718089042,2.89853930682835,-1.36750966108347,-1.7521531585367818
12.700000000000001,1.0470000493895175,-2.356000185124015,0.523687306921869,0.4317256910859968,-2.502889439675076,0.34900000975028767,0.3178960833919139,0.04869893907555687,0.4934396641049026,1.425152814140981,0.9030982496642392,-1.253151258902777,0.04098203375480383,-1.6357985393242058,-0.8332440812289503,10.378121018303833,0.5651044787810584,0.2505310667830398,2.542712271458714,-1.387304315274235,-1.226006962405666
12.8,1.0470000508499406,-2.2559093412599354,0.6676346882190063,0.5226653825371109,-2.6161193358374337,0.34621183928408894,0.14917835182027706,-0.055765515328450865,1.4932151017112545,1.440148208205303,0.9091972880206675,-1.0177208878722053,-0.09597310414121787,-1.7283380446366645,-1.2566053328924376,9.469819743077638,-0.25265422574458873,-0.13894432000357027,2.167131307792598,-1.3410328222280752,-0.6136000672428181
12.9,1.0344475121811558,-2.061813968552312,0.8091431398479738,0.6121748559682318,-2.7076508345521666,0.33006512050829667,-0.02563685842652493,-0.2020799924385896,2.3596978328810585,1.3781205209880685,0.8736812646400965,-0.8186469492607782,-0.22515487204117748,-1.7569796052485516,-1.6636063506761936,7.732800273660866,-0.9658130514066273,-0.5770912130466377,1.8235726413699378,-1.232763814001851,0.04485942083394403
13.0,1.005306384668511,-1.790952380496017,0.9411238458769385,0.6958979302763284,-2.7808840668721575,0.30163682680832116,-0.20000147474306862,-0.3865884105399787,3.017336438815586,1.2521927569107831,0.7931610950737114,-0.6505124072652118,-0.3406845172006941,-1.719286144647446,-2.0136929075704324,5.324583883197839,-1.5232508072126734,-1.0336849568360282,1.5543743520969298,-1.0693250487095374,0.7057209856090813
13.100000000000001,0.9561088314179573,-1.4672260430085968,1.058032938699824,0.7692962325296259,-2.8384869251357427,0.2625538605642135,-0.36734336582685256,-0.6016013961358571,3.409392755831975,1.0798964008397678,0.6674274183999054,-0.5043159617804454,-0.43747758551663146,-1.617212827139266,-2.267441392099583,2.461013892519652,-1.8884918827428174,-1.4757816853255394,1.3883140365335085,-0.8596667068971122,1.3253777988407218
13.200000000000001,0.8843459762597016,-1.1190575999510277,1.1562339963126849,0.8279764245269056,-2.882109455967485,0.21490408365400127,-0.5214995221173748,-0.8357173964995693,3.5028267012832015,0.881559347768491,0.4995915628923001,-0.3689716753924992,-0.5114240995660255,-1.456928597138119,-2.3907221339873184,-0.6034029700832739,-2.042405904945477,-1.8703617305635145,1.3380187236508188,-0.6142254595276967,1.8637169324327534
13.3,0.7888058812814784,-0.7768650181695489,1.2341884145824475,0.8680181594601111,-2.912258265838677,0.16113243481491096,-0.6571145789891311,-1.0745536300549419,3.2910341440204274,0.6785019352617505,0.2959586265560257,-0.23297983726061794,-0.5595075967650083,-1.2483071114827957,-2.3586607531783006,-3.5984452491849908,-1.9843222033551835,-2.1870063096246075,1.3991573569675708,-0.3443453964628238,2.287233134923462
13.4,0.6698194976642601,-0.47037958237673116,1.2924625644483536,0.8862761895056329,-2.928338956469558,0.10392789450082318,-0.7699737689084698,-1.301845167137388,2.794212144527471,0.49120416176568216,0.06564060233437836,-0.08608578214381452,-0.5798706948283578,-1.0041344686989664,-2.1589699780852474,-6.26231751455803,-1.731493755429074,-2.4003832332441895,1.551484929942813,-0.061791786265996074,2.571538636818002
13.5,0.5293815979957456,-0.22604731696073732,1.3335570196125912,0.8806319424160363,-2.928856249027155,0.04610614846817741,-0.8572453803978923,-1.5008292136501946,2.0573417795674427,0.3376059367463914,-0.18006068697725208,0.07925406673395241,-0.57183732914408,-0.7391052054950291,-1.7942624562744602,-8.36479680169405,-1.317000027584172,-2.492332365478651,1.7616184674332218,0.22162888722707896,2.703058864366815
13.600000000000001,0.3711238209085631,-0.06474356255116653,1.3615786312004692,0.8501738599207358,-2.9117442865047045,-0.009508243219583334,-0.9176158786681559,-1.6557964162410186,1.145993451417611,0.2316859404632714,-0.42845166790979056,0.26675862322933863,-0.5359020454659666,-0.46869535666280787,-1.2830356502700704,-9.72731036959659,-0.7863215803387736,-2.45337472689981,1.9872472787184319,0.4943508851801664,2.6797802514809987
13.700000000000001,0.20013014026089046,1.803411864287341e-10,1.3817894089944196,0.7952915136644586,-2.8747853855772063,-0.060197330071164394,-0.9513102481735094,-1.7536656927697378,0.1403534756471243,0.18243519955566295,-0.6663616379281602,0.47568321785610157,-0.4736949649353066,-0.20801042233771894,-0.6591367274726869,-10.23817068736377,-0.1929378298498422,-2.2835176961882646,2.18233112528985,0.7452593697376606,2.5110042651675535
13.8,0.022600151552456232,-0.03689536972168239,1.400075868168357,0.7176755033847274,-2.816065717750014,-0.10346077443700147,-0.9599999788574084,-1.7854268589642974,-0.8719736452260523,0.19330188058072784,-0.8810996196291961,0.7007272280744135,-0.38792777261697436,0.02929389329803525,0.030341820771344175,-9.86165267143776,0.4066180782850475,-1.9922885542299822,2.302735295200068,0.9638666825444555,2.216152946680318
13.9,-0.15461886925179594,-0.17170004258840565,1.422387896507733,0.6202228035174197,-2.7344120721296696,-0.13712057610040362,-0.9466105308414875,-1.7472981268253682,-1.8037293171063622,0.2621380658739746,-1.0613756261117726,0.9325020839227804,-0.28232202011736446,0.23192920884853738,0.7286295888728043,-8.640172297081882,0.95777409815814,-1.5979944275590345,2.311701963089274,1.1404966683819662,1.822757090956395
14.0,-0.3245956771968045,-0.3922961339343485,1.454196900146979,0.5068549051281376,-2.629755480128476,-0.15941764321539836,-0.9150482253256388,-1.6414639113693954,-2.575630774000973,0.38163192775435484,-1.1981116474429248,1.158513447714875,-0.1615169841531885,0.39165816904152706,1.3740494408503665,-6.689460775860727,1.412537772506849,-1.1262727507634327,2.1845681875771135,1.2665147435892303,1.3638305682287115
14.100000000000001,-0.48092715815628295,-0.6793253537625734,1.5000190660065291,0.3822631442464049,-2.5033749564895094,-0.16909788709169743,-0.8698726043453522,-1.4762912694004937,-3.123187777207588,0.5401643557603051,-1.2850771743250087,1.3645554749849365,-0.030951086240059524,0.5036953873521514,1.9055982452859683,-4.187265433564053,1.7333043004518538,-0.6080568541927021,1.9122120346670046,1.3346295847537535,0.8748864903381064
14.200000000000001,-0.618343425488347,-1.0079525288778208,1.563041551017882,0.2516014149427424,-2.3579872251857577,-0.16548481704543305,-0.8159438607813588,-1.2659681681713797,-3.40210987823846,0.7229919372845068,-1.3192991248069006,1.5363690509634382,0.10329086028260284,0.5668038449153132,2.268840380125604,-1.3566886275320063,1.8955309554439164,-0.07713084196526554,1.5028332046294754,1.3392745337644714,0.3908781706618236
14.3,-0.7332474433615811,-1.3500795121961178,1.644878172309761,0.12015054392473032,-2.1976648140289767,-0.1485348322122018,-0.7580756921331568,-1.0295597892895219,-3.3918438089300196,0.9136316775833863,-1.3012153109915945,1.6613845872331896,0.23467207342001598,0.5830934855154797,2.4215587727470096,1.5542531762323755,1.8890746950028916,0.4325178346726377,0.9818413420963937,1.2770555584215328,-0.05665222110387347
14.4,-0.8241331368487697,-1.676806661989886,1.7454679190935825,-0.007019386829462813,-2.027583663728682,-0.11887075989969173,-0.7007218772736641,-0.7895353784647444,-3.0969561459727055,1.0953092896176833,-1.2345623792472433,1.7303567704323324,0.356444981810465,0.5575559013029814,2.3386016493147284,4.2949486059244295,1.7181266773263921,0.8893238085071115,0.3898177668137859,1.1472308858426576,-0.4419614458437947
14.5,-0.8918339515440276,-1.96092040891957,1.8631156931314563,-0.12536269962663293,-1.8536204959472333,-0.07778888929078459,-0.6477202826368738,-0.5698723800296751,-2.5462751492355054,1.2523332798254851,-1.126011561337679,1.7387052235924818,0.4619397719785646,0.4973922164826622,2.0154113457569585,6.634346579717377,1.3998171839838616,1.2665267638720596,-0.22128425816885033,0.9521684226312218,-0.746824676903527
14.600000000000001,-0.939566920728976,-2.1791870281059964,1.9946614965331282,-0.2311240982711035,-1.6818376434554592,-0.02723498264002603,-0.6021113798442376,-0.39389134471652787,-1.7899090533165865,1.3712709899124458,-0.9845866171858392,1.6874010590813684,0.5448948024188055,0.41120838252522224,1.4698220833593791,8.380953640669238,0.9616931699719858,1.5441146383542468,-0.7933492784820859,0.6977137569924389,-0.9614518995237252
14.700000000000001,-0.9727544868839668,-2.314254119133163,2.135753099828279,-0.32153766226863334,-1.5179070163509154,0.03025435526924892,-0.5660403944578091,-0.2820094728597213,-0.8944473996651846,1.4418284714203655,-0.8209161921228835,1.583282504902762,0.5998163251176077,0.3081615521451149,0.7418588899787888,9.398909927982178,0.43837566313407217,1.7101701201221504,-1.2682135749924004,0.39339628062707477,-1.0845482469346546
14.8,-0.9986261641365802,-2.3560001853573613,2.2811890813501363,-0.39494547929859014,-1.366533830818696,0.0916469533901633,-0.5407437165132559,-0.2496187607832763,0.06318988977245243,1.4573706663386319,-0.6463859053558146,1.4387391503270224,0.6223478401685495,0.19714221828314693,-0.10855246033789134,9.618768521214061,-0.13222458124855452,1.7615173757437401,-1.5940709281872962,0.05240524998514351,-1.122550783051942
14.9,-1.0256228554756883,-2.302225244959068,2.4252947373003098,-0.4508294826209758,-1.2309436058133296,0.15354671163311137,-0.5266120355717879,-0.3052940859180704,1.0026780538026485,1.4150581014806076,-0.4722627177961177,1.2707684732261169,0.6096232194951761,0.08606944219731938,-1.0058604360446368,9.042110671618925,-0.7127239464806588,1.703628423040491,-1.7315108026921993,-0.30871820775998327,-1.0881549846028649
15.0,-1.0626463265799688,-2.1586365629755946,2.562293026634758,-0.48975740887266683,-1.112492272382604,0.21235849318271563,-0.5233156170299007,-0.44951644070488206,1.847351811454574,1.3156169849452273,-0.3088649149503012,1.0994738973538398,0.5605734298931604,-0.018638369819489797,-1.864851036018589,7.7397078597392035,-1.2697180447907823,1.5498139785502203,-1.6585476778200274,-0.670703887488161,-0.998312246686726
15.100000000000001,-1.1182130767025533,-1.9381476276554128,2.6866363185015962,-0.5132508946972312,-1.0104492211447247,0.26448004345560316,-0.529971887499905,-0.67405799880482,2.5307735358515195,1.162797008281354,-0.16484538685593728,0.9461341327877859,0.47615507941954194,-0.11237543625223997,-2.597830341324606,5.84353598105401,-1.7765244254213473,1.3197860415250706,-1.3740830979710712,-1.0124905218808014,-0.8719285063133483
15.200000000000001,-1.1995839265992465,-1.659569508573954,2.7932717305933634,-0.523589968227723,-0.9219875583780774,0.3065115838435636,-0.545332529004305,-0.9621216671647411,3.0022291882094976,0.9626015049576027,-0.04664437609189204,0.8310227995142185,0.3594706696272103,-0.1924260738732554,-3.122422304193263,3.5335019401185654,-2.2149586375504704,1.0377333047774437,-0.8993826740987538,-1.312445034344417,-0.7275188633024392
15.3,-1.3119467259820443,-1.3458262207397622,2.8778224190354074,-0.5235730293431006,-0.8423961462393952,0.3354709452150789,-0.5679668404495971,-1.2892627281930693,3.2306861296481104,0.7223948826449753,0.04184839374982158,0.7711901318593276,0.2157555894869508,-0.2578160674017833,-3.3692943867822924,1.0202077875921831,-2.5759988063342347,0.7300908993889315,-0.2773360464083008,-1.5497942038417727,-0.5810715938491119
15.4,-1.4577288429613076,-1.0218650645772038,2.9366781901955212,-0.5162544496533984,-0.7655060110740397,0.3490000082804148,-0.5964201958045035,-1.6250497994595356,3.2068973422836473,0.45000051244440065,0.0994017722567109,0.7784312318546232,0.052215380664505096,-0.30897050435371753,-3.289101654742301,-1.474589206457635,-2.8593193346621755,0.4232094328241755,0.4305186087303545,-1.7061686090508505,-0.44434753964188023
15.5,-1.6361083188282795,-0.7124558074204839,2.9670000086402206,-0.5046829264622901,-0.6843015343100569,0.34554711522438314,-0.6293307399322879,-1.9353530269932968,2.9435125036480283,0.15289787807110944,0.12732186538539558,0.8576561032233303,-0.1222919095368391,-0.34723089485648656,-2.857983441425682,-3.7379889380709854,-3.0717995614433127,0.14113279612815882,1.149002926004,-1.7671347743733221,-0.32379044279464053
15.600000000000001,-1.8427781868088988,-0.440077296729264,2.966653132198452,-0.4916626495258154,-0.59166668527406,0.32451024618801844,-0.6654935153659114,-2.1850856886327934,2.4732409811120375,-0.16238855073018177,0.12912216557075573,1.0058458811388358,-0.2977202977281571,-0.37429866499697184,-2.0810537801177196,-5.5846015160174165,-3.2252250561384326,-0.09632041842297562,1.7959299211644644,-1.7235781229566927,-0.22015560847441107
15.700000000000001,-2.069998527179855,-0.2230766437901026,2.9340916059990785,-0.4795563303111818,-0.4812004675955448,0.2863272464707349,-0.7038683304493115,-2.3411772201757417,1.8452878805844959,-0.4906426162722945,0.11002395512426309,1.2117297147428923,-0.46342549390634724,-0.39167895952984977,-0.9934894141518156,-6.872178524546317,-3.333486052055682,-0.27500927463367075,2.2897765697604315,-1.5727989633140225,-0.12888531556080518
15.8,-2.3069469781849397,-0.07425616654714529,2.8682218317306227,-0.47014452026609294,-0.34802544185994416,0.23250224862547827,-0.7435350783549876,-2.37552600784105,1.1204356818726107,-0.8280192406986739,0.07633984181052188,1.4562520111402413,-0.6088445144575548,-0.4001974366951906,0.3409761865124761,-7.512879645610489,-3.4096303229490985,-0.3873406509707773,2.55769453056368,-1.3191973533196517,-0.04117774699781396
15.9,-2.540352673758795,3.8840108906867954e-10,2.768274372750114,-0.464549869981596,-0.18950985262425052,0.16556152206944075,-0.783607088047243,-2.2676724534213677,0.3652572484229135,-1.1718207007261456,0.03480211609761309,1.7138260888918047,-0.7242190405735465,-0.39965353522580466,1.8341156102873626,-7.479268559304119,-3.4631411678035886,-0.4324977859417667,2.543100212393762,-0.9744499242159083,0.05437975819944921
16.0,-2.755373205537477,1.7900525506320264e-10,2.633710927528719,-0.4632286161512218,-0.005828081519936162,0.08893703057856595,-0.8231186791387957,-2.006948212870027,-0.35398850565604323,-1.5200264776655168,-0.008099479602501097,1.954294579889529,-0.8013084565882536,-0.38865750791262754,3.3795575991227462,-6.8046425842256575,-3.497783786779718,-0.4160288861479975,2.212100931080596,-0.5571207719639305,0.16980480722217217
16.1,-2.9366515130298962,-0.06758436094005904,2.4641877746155236,-0.4660252339689094,0.19970428556993547,0.006781597484640134,-0.8609067834327537,-1.5938954139732928,-0.9772142064692255,-1.8706481123111078,-0.04670917391692819,2.1454463683828804,-0.8340350398491668,-0.36467703451753863,4.860940594614221,-5.577835336637969,-3.510298153777987,-0.3488573246901149,1.5581009624645414,-0.09169615987048896,0.3155755939853037
16.2,-3.069471718807918,-0.19059750687810295,2.259588607832136,-0.4722804528898645,0.42056641524277527,-0.0762747032647731,-0.8955078654338706,-1.040807247304294,-1.4555905549489798,-2.2210037202340107,-0.0766732679358332,2.255881330625956,-0.8190053318296222,-0.3242946897215341,6.161209755582524,-3.9331400142174657,-3.490120406827924,-0.24582796259040968,0.6040830465028189,0.39291521749673197,0.49860030902780816
16.3,-3.1409215919265048,-0.3527314028983667,2.0201294931407294,-0.4809782294333722,0.6472617699198073,-0.15541201073279953,-0.9250902434942221,-0.37131387769063534,-1.755424776428717,-2.5670193061181448,-0.0952460323292775,2.2579734999361367,-0.755858494012672,-0.26365251919797095,7.1722768156259615,-2.036435553241916,-3.420197911723116,-0.12394536483700161,-0.597735776006723,0.8653232023993742,0.720544091134918
16.400000000000002,-3.140965738611349,-0.5351707223214807,1.7465278468901635,-0.4909142111683718,0.867837741962932,-0.22593270189562728,-0.9474383665989123,0.38098107359027256,-1.8605193447997355,-2.9026642808530525,-0.10141152117907733,2.130664812066771,-0.6474041303283702,-0.17903711086288887,7.804209401615555,-0.06891966173604391,-3.27883783312842,-0.00048538674551062977,-1.9689384489166946,1.2938993779776635,0.9767229476716439
16.5,-3.0633383066762105,-0.7183905265789695,1.4402171010370588,-0.5008669663345903,1.0686651893988406,-0.28357569165294116,-0.9599999798376722,1.1747253367210673,-1.772850052917209,-3.2196164477040217,-0.09581811960678824,1.8618275542614067,-0.49952782900997067,-0.06754028647364534,7.993137974420722,1.7899660457757438,-3.042408537173907,0.10883049119975896,-3.410448462063596,1.649148191555491,1.2557170790684693
16.6,-2.906176734072081,-0.8839370599494516,1.103580278802432,-0.5097538722733759,1.2354228196003911,-0.3248094600923502,-0.959999979609427,1.9637389444071973,-1.5115636771033862,-3.5072283166585168,-0.08054120794916844,1.4499640578414756,-0.32086128586987384,0.07228111484505528,7.707163992147823,3.3788065646411285,-2.688610298143486,0.19141915727978992,-4.810156045999059,1.9060108112071568,1.53978196304852
16.7,-2.67233792410455,-1.0160301982464346,0.7401700732670408,-0.516755949423858,1.354210680833162,-0.34708093494497566,-0.9446168522203489,2.7004021355573595,-1.1104516445367705,-3.752834269969392,-0.05870597034149326,0.9050647524774835,-0.12223372464475349,0.23982658097589563,6.949714979647769,4.568193277705585,-2.1999576984342113,0.23902688189950144,-6.052006476370992,2.0459028395347914,1.8060517268364127
16.8,-2.3693635807020534,-1.1028487778602316,0.3548809355751036,-0.5213998223217625,1.412702525619538,-0.34900000637341533,-0.911209737992565,3.339235976478843,-0.6141926484470266,-3.942400153055217,-0.03401551335782931,0.24851603935588323,0.08405936130379141,0.4320297882609001,5.76000735065837,5.2711894595987765,-1.5670790179024596,0.24841797781276476,-7.025777544769225,2.058301647155185,2.0284441696561415
16.900000000000002,-2.0090901507195578,-1.1373948633058215,-0.04595949411055278,-0.5235899689626096,1.401239986198369,-0.3304439279674425,-0.8575772117147582,3.8403798276152985,-0.07376170308613017,-4.061477259961661,-0.010237858305470235,-0.487968592484491,0.28511717558197003,0.6431553167612603,4.21052735246868,5.449429213166843,-0.7914422817121713,0.22150380260941893,-7.636692100143666,1.9417314516215092,2.18009894443307
17.0,-1.6069284199755272,-1.1178763074961504,-0.454606584918401,-0.5235899686862282,1.3137731552786251,-0.29257184043006645,-0.7822235910398319,4.17267390143106,0.4585332995139648,-4.096385616549287,0.009291733015431236,-1.264334500878885,0.46835840841214266,0.8648564235178346,2.401702178585017,5.114438842208298,0.11283628046905325,0.16491185424512722,-7.8140072926159165,1.7040419943526466,2.236117903418129
17.1,-1.1808656986178974,-1.0475943433283128,-0.8620404090994985,-0.521957010539752,1.1485623362251114,-0.23774666895025914,-0.6846055967672782,4.31608506340746,0.9339087053849098,-4.035520941112463,0.022099465175772437,-2.0349464007955684,0.6224364315006629,1.0865107460922454,0.4541834395576727,4.324236881318413,1.118361861505646,0.08905115452834297,-7.517796304962113,1.3619358128426842,2.1763360759629244
17.2,-0.7502672272840758,-0.9343697838332359,-1.258239111788898,-0.5194389190578059,0.9085736790432878,-0.16936910458058524,-0.5653318944094112,4.263267406476944,1.3114054107863475,-3.870659079816684,0.026887322907093503,-2.7519093319116994,0.7380702206723848,1.295822720325519,-1.5006191761790888,3.1757165692682694,2.185155831976391,0.006780434279580777,-6.743285195520954,0.93976447375051,1.9878377067454869
17.3,-0.334570798783082,-0.7895832610779121,-1.632576996429234,-0.5168468934753825,0.6015256941761915,-0.09163563538479656,-0.42629058378219636,4.020121491383106,1.5612522207695982,-3.5981235107034015,0.02370029196578799,-3.368682143321133,0.8087216701904865,1.4796534221596656,-3.3309551926252725,1.7936999089326462,3.262690606085881,-0.06817507114448515,-5.522314440168315,0.4676797524823143,1.6669462059392415
17.400000000000002,0.04802197673547132,-0.6269379773680236,-1.9743270796596468,-0.5149196498025593,0.23957218084275336,-0.00923899367426697,-0.27068492903821906,3.6053012161708793,1.667016338281099,-3.219686899720312,0.013929726974964515,-3.8436846945556136,0.831061620127718,1.6250133122226738,-4.915211657601986,0.3178401177167043,4.293142088981442,-0.12288794737962694,-3.921743584414975,-0.02071457136197985,1.2204589274344813
17.5,0.38175373505942256,-0.46107482049733617,-2.27323580177915,-0.514195460315775,-0.1613625491194559,0.07296566066312371,-0.10296511790843467,3.048707550644163,1.6263920865844543,-2.743096526344614,0.00015364515104451804,-4.143595168676547,0.8051840021286665,1.7201335815175582,-6.151550511960927,-1.1112858848081704,5.215608103718567,-0.1467965112104168,-2.0388857845227557,-0.4910166908126225,0.6659638320692487
17.6,0.6543230733373784,-0.30617776989177115,-2.5201280090643405,-0.5149076297448392,-0.5825507905120841,0.15030246928881172,0.07134705044720138,2.389095785224302,1.4506157512993079,-2.182144157681027,-0.014167904442747174,-4.2460558930700705,0.7345485928019988,1.7555195931153753,-6.9658719621271965,-2.365523821852242,5.970933804498457,-0.13300936855425177,0.005677387172429993,-0.9107615521374155,0.031159314606393762
17.7,0.8576208605197061,-0.17470199682793375,-2.70749431674883,-0.5169163368572459,-1.0036595449216297,0.21859736705656355,0.24593376028982558,1.6709996194528425,1.1626273769624467,-1.5562408859322874,-0.025108791560366422,-4.141553174624196,0.6256561059940838,1.7248867155254415,-7.317415118934525,-3.340660997966175,6.506710625796023,-0.07920707899456036,2.077315740957457,-1.2520000861374763,-0.6478070957402324
17.8,0.9881355395912756,-0.07633897655033173,-2.8300112541251994,-0.5196857759427763,-1.4040880478326525,0.27445573325280415,0.4140405369847764,0.9412343845663284,0.7942166305539002,-0.8895028253059478,-0.02875848835055541,-3.8343048854872848,0.48748266378580063,1.6258852250343285,-7.201514356369469,-3.9650767469904893,6.7819819125595435,0.011957138694897007,4.037835405999911,-1.4934966846956832,-1.3288698166899304
17.900000000000002,1.047000050529801,-0.01730451320024229,-2.884947516584745,-0.5223105662071151,-1.764340615235672,0.31547339094272864,0.5688942231616719,0.24527754888180914,0.38247861716082676,-0.20940004288343572,-0.021716602022445214,-3.3420729424783757,0.3307219139622013,1.4605365717178673,-6.649281464658776,-4.204803164831263,6.771200162739646,0.13300426791237435,5.756342604149179,-1.6223499341025547,-1.9672471722545004
18.0,1.0396835161337807,8.071621149241537e-11,-2.872417085854222,-0.5235899686116884,-2.067326946011397,0.3403648686841764,0.7041477795426884,-0.376165941515338,-0.034041016288567816,0.45493586821642173,-0.0015455117994699896,-2.6949090525777897,0.1669002101223347,1.2353269078423137,-5.724257030942115,-4.064655233002582,6.467037493731634,0.2723141759943298,7.119561599945681,-1.6348914128926602,-2.5190444981221036
18.1,0.9753609143550356,-0.023058266657932314,-2.7954513663897576,-0.5221431181182752,-2.2994874378434336,0.349000004605392,0.8143161444720288,-0.8901239201765176,-0.41911833091750994,1.0746148639279733,0.03286984721556058,-1.9329330482433231,0.0074416837832879945,0.960933320011004,-4.516344707994489,-3.5854909031359763,5.8817477715264745,0.4152826994499305,8.04072609824147,-1.5367814144926433,-2.944941751692068
18.2,0.8660209289966397,-0.08174698788014911,-2.659876861922957,-0.5165537966808718,-2.451655237374545,0.3423479428696352,0.8951665562188934,-1.2735971031922997,-0.742172830873114,1.6229475013804817,0.08109692262827695,-1.1033257029700998,-0.13723543106722538,0.6515910248924764,-3.133584374293397,-2.838043876779235,5.046907041760894,0.5458362641377845,8.466285882644215,-1.3422929858107926,-3.2136309998459165
18.3,0.72539362086813,-0.16866862175191444,-2.474001009543298,-0.5055297290429033,-2.5195884336903407,0.3223356271753953,0.9440292322796793,-1.5148989926573093,-0.98083197134923,2.0772952354473926,0.1410935629942065,-0.25678472920902895,-0.2585127292679972,0.3241428507316792,-1.692512313983754,-1.914097184307891,4.011506502117159,0.6481508901289289,8.379860690130917,-1.0728499763970016,-3.304682408672333
18.400000000000002,0.5677935873931846,-0.27466945936320386,-2.24812513518674,-0.4880593590111361,-2.50413313029795,0.29163529799524374,0.959999978192898,-1.6139971789782805,-1.1225212583386082,2.4206523163735145,0.2093208584231938,0.5562622406381407,-0.3501874253106297,-0.003157483647857449,-0.30798063461422487,-0.916003352250705,2.838525231965175,0.7083992022493253,7.803114082027078,-0.7549538650605334,-3.2105612103599004
18.5,0.4069796490739707,-0.3898539360445552,-1.9939185765400158,-0.4635487886379886,-2.4110087051302664,0.2534015645703312,0.9440147292751704,-1.5818477774155228,-1.164970738671688,2.6428196869089717,0.28102446969700207,1.2893745033775212,-0.4088580688095548,-0.31199236935955543,0.9166474207723645,0.05431439724973508,1.6002535335558752,0.7163433239051507,6.793489647000776,-0.417691340626821,-2.9375890100361737
18.6,0.25512837533772237,-0.5045951751835528,-1.7237004124773696,-0.43192309346815166,-2.250237715403951,0.21098278185212507,0.8987865084910664,-1.4388051216969409,-1.1156436104661265,2.741064627254604,0.3506603735423306,1.9034397788654753,-0.43404959942021853,-0.5853654456653685,1.8980491128374473,0.9057357234656287,0.3727580721335866,0.6666040108302478,5.439025878039035,-0.09005435026915154,-2.505734533120996
18.7,0.1220063322377512,-0.6104388975716677,-1.4496837488127006,-0.39367943977378606,-2.0352719050556347,0.16763332262569888,0.8286069019153275,-1.2122711904188654,-0.990202692099412,2.7202036082738252,0.4124253361661064,2.3693697505154843,-0.42807143003253756,-0.8089063944005955,2.5794836083530237,1.5666541477044489,-0.7700348169187476,0.5594660423405656,3.850719746793297,0.20167743622087958,-1.9472232493163346
18.8,0.014405990738796948,-0.7008142798226282,-1.1832412937303662,-0.3498840301905017,-1.7818901092882407,0.12625271531117954,0.7390258745807273,-0.9338160026722522,-0.8102245263341181,2.5920959134029276,0.46084052957741456,2.66993702812244,-0.3956271758436788,-0.9719812377621377,2.9347554253159336,1.991197386055469,-1.762119809892107,0.40112400111744256,2.1531195087794788,0.4362470939151828,-1.3040626832444593
18.900000000000002,-0.06411534305985184,-0.7714900107991447,-0.9342496016808897,-0.30211045472855613,-1.50696143414365,0.08917457121517265,0.6364345085429662,-0.6360452626382224,-0.6004398469936636,2.3745874498369615,0.49132977305236386,2.8006169684539888,-0.343217868424716,-1.0685087881413327,2.9692737046497344,2.1624166845320905,-2.5505460505746695,0.20332697207661754,0.4739757797645483,0.5992078151053379,-0.6246806580346838
19.0,-0.11318302910374764,-0.8207438246696828,-0.7105629379086986,-0.2523229851380148,-1.227176444868105,0.058023035495595454,0.5275840452887423,-0.3495107406466601,-0.38581668870321306,2.089992950673153,0.5007326901476364,2.769385026447163,-0.27839977950659944,-1.0974079984131349,2.7181522661791906,2.0922393535589805,-3.099446690686516,-0.017559835053743034,-1.0661466622340057,0.684020663573669,0.04004223773531582
19.1,-0.13525784067939342,-0.8492458675453818,-0.5176567583357904,-0.20271413213774309,-0.957849496166371,0.033647655083182085,0.4190806224537263,-0.09995052946964744,-0.18880565245053615,1.7632458860546987,0.4876978416329902,2.595510846608586,-0.20897145040677004,-1.0626323026881113,2.241571046804161,1.8183244910929308,-3.392605422754949,-0.2419997480634766,-2.363401731009837,0.6923620697022442,0.6410050541925894
19.200000000000003,-0.13503994570649652,-0.8596869538194194,-0.35846627969509426,-0.1555108040322376,-0.7118868575079381,0.016139717942537435,0.31689771895026947,0.09388874649428813,-0.0270364371916878,1.4198749639011314,0.45291126745844845,2.307476018413317,-0.14217083782545778,-0.9727828646739152,1.6178739309816532,1.3982829610970875,-3.4343325843911954,-0.4491064496256329,-3.3385326946913967,0.6336165371683166,1.1350135130642558
19.3,-0.11869257065461744,-0.8562089049138779,-0.23342883898629369,-0.11276714271154128,-0.49899879793063734,0.004925036422098822,0.22594727225296857,0.22165412734237366,0.08830514367177145,1.0839812948749021,0.39913093446446757,1.9402156907862176,-0.08396197722598084,-0.8403297562976166,0.9350873839239867,0.9019864118222856,-3.2485768398846435,-0.6186731346443729,-3.9424328724953113,0.5236091471323377,1.4884354614451527
19.400000000000002,-0.09296946648517604,-0.8437131217714756,-0.14072123167880488,-0.0761641655760234,-0.325210875367259,-0.0010793921950678007,0.14974574711915842,0.2818955617707293,0.15327271701743128,0.7763896568999443,0.3310159577585158,1.5319386455911497,-0.03848131168370417,-0.6805051086856154,0.28168904798605787,0.4028704272696979,-2.876359169372345,-0.7332143038832813,-4.158963856406919,0.3827069422017029,1.6800559673732036
19.5,-0.06433774073478293,-0.8271335341699754,-0.07666656911919513,-0.046836462902082744,-0.19270246117098921,-0.0032636736063895245,0.09020348814617178,0.28165177168753674,0.171075920140825,0.5131308522642296,0.2547594155940699,1.120811322257175,-0.007697668928839219,-0.5099620000948519,-0.2624780739140202,-0.030783092656730737,-2.371768711511369,-0.7798190712068354,-4.004850052002032,0.23348086513860006,1.7028710275594632
19.6,-0.038186179182532115,-0.8107602999216441,-0.03627092334251505,-0.025244326158407937,-0.09997151476863309,-0.0031014357531458266,0.047555151837286785,0.23517167522049665,0.15116449981972224,0.3043814322441174,0.17755320140752584,0.74179620876481,0.008681693997708267,-0.34531451244199396,-0.6342683802367282,-0.34362569788569974,-1.7968904286829672,-0.7516278445261733,-3.52673237960744,0.0981643804131429,1.5646510208217057
19.700000000000003,-0.018199034713192286,-0.7976913557318055,-0.013839425820181633,-0.011105942856599708,-0.04229642638780462,-0.0019295772599486893,0.02043680202337128,0.1619136578243236,0.10761671625632274,0.1539449505823991,0.10693074264963794,0.42391390806340323,0.013051462136390607,-0.2016859524167078,-0.7934970939441799,-0.49925359062870456,-1.2161302358174528,-0.648775708700871,-2.795716512379897,-0.003833345054314208,1.2872134085269047
19.8,-0.005957413966217268,-0.7894714150827462,-0.003615504756097343,-0.0033990000987276572,-0.012440873719080286,-0.0007560001039485439,0.006102441070876555,0.08403442409255388,0.057041833268153486,0.05930935675880156,0.05004683639847127,0.18815337261535403,0.009513365509027066,-0.091392553103393,-0.7268028751368352,-0.48383339636951783,-0.6904551211375172,-0.4786930953179979,-1.8999690949635828,-0.05810520784393147,0.9044589928003497
19.900000000000002,-0.00080657858338265,-0.7859543850715207,-0.00038609819451898564,-0.00043466108496184597,-0.001528255502597442,-0.00011691491120818798,0.0007604776708261957,0.023628098911403772,0.016254781666648732,0.012262810526179363,0.01296192815433074,0.046190733412397655,0.0032885550169988315,-0.02287892287128962,-0.4487402425949434,-0.3070011504128609,-0.27206905785059843,-0.25571312946417046,-0.9360794488815751,-0.056888916052912464,0.45933687524342653
20.0,0.0,-0.7853981633974483,8.326672684688674e-17,-4.5102810375396984e-17,1.3877787807814457e-16,-1.3877787807814457e-17,1.6653345369377348e-16,-1.6775469902086115e-12,-3.1086244689504383e-15,-1.413778816239386e-12,-3.480826737956022e-13,4.416689236563798e-12,3.5403971421210656e-13,-1.0151324225660119e-12,2.4296120670896926e-12,-1.4712675522332574e-12,1.3993251002375473e-12,7.995271111838065e-13,-1.0047518372857667e-12,-1.702415985960215e-12,1.3175571744739045e-13
